,code
00:00,0
00:01,1
00:02,2
00:03,3
00:04,4
00:05,5
00:06,6
00:07,7
00:08,8
00:09,9
00:10,10
00:11,11
00:12,12
00:13,13
00:14,14
00:15,15
00:16,16
00:17,17
00:18,18
00:19,19
00:20,20
00:21,21
00:22,22
00:23,23
00:24,24
00:25,25
00:26,26
00:27,27
00:28,28
00:29,29
00:30,30
00:31,31
00:32,32
00:33,33
00:34,34
00:35,35
00:36,36
00:37,37
00:38,38
00:39,39
00:40,40
00:41,41
00:42,42
00:43,43
00:44,44
00:45,45
00:46,46
00:47,47
00:48,48
00:49,49
00:50,50
00:51,51
00:52,52
00:53,53
00:54,54
00:55,55
00:56,56
00:57,57
00:58,58
00:59,59
01:00,60
01:01,61
01:02,62
01:03,63
01:04,64
01:05,65
01:06,66
01:07,67
01:08,68
01:09,69
01:10,70
01:11,71
01:12,72
01:13,73
01:14,74
01:15,75
01:16,76
01:17,77
01:18,78
01:19,79
01:20,80
01:21,81
01:22,82
01:23,83
01:24,84
01:25,85
01:26,86
01:27,87
01:28,88
01:29,89
01:30,90
01:31,91
01:32,92
01:33,93
01:34,94
01:35,95
01:36,96
01:37,97
01:38,98
01:39,99
01:40,100
01:41,101
01:42,102
01:43,103
01:44,104
01:45,105
01:46,106
01:47,107
01:48,108
01:49,109
01:50,110
01:51,111
01:52,112
01:53,113
01:54,114
01:55,115
01:56,116
01:57,117
01:58,118
01:59,119
02:00,120
02:01,121
02:02,122
02:03,123
02:04,124
02:05,125
02:06,126
02:07,127
02:08,128
02:09,129
02:10,130
02:11,131
02:12,132
02:13,133
02:14,134
02:15,135
02:16,136
02:17,137
02:18,138
02:19,139
02:20,140
02:21,141
02:22,142
02:23,143
02:24,144
02:25,145
02:26,146
02:27,147
02:28,148
02:29,149
02:30,150
02:31,151
02:32,152
02:33,153
02:34,154
02:35,155
02:36,156
02:37,157
02:38,158
02:39,159
02:40,160
02:41,161
02:42,162
02:43,163
02:44,164
02:45,165
02:46,166
02:47,167
02:48,168
02:49,169
02:50,170
02:51,171
02:52,172
02:53,173
02:54,174
02:55,175
02:56,176
02:57,177
02:58,178
02:59,179
03:00,180
03:01,181
03:02,182
03:03,183
03:04,184
03:05,185
03:06,186
03:07,187
03:08,188
03:09,189
03:10,190
03:11,191
03:12,192
03:13,193
03:14,194
03:15,195
03:16,196
03:17,197
03:18,198
03:19,199
03:20,200
03:21,201
03:22,202
03:23,203
03:24,204
03:25,205
03:26,206
03:27,207
03:29,208
03:30,209
03:31,210
03:32,211
03:33,212
03:34,213
03:35,214
03:36,215
03:37,216
03:38,217
03:39,218
03:40,219
03:41,220
03:42,221
03:43,222
03:44,223
03:45,224
03:47,225
03:48,226
03:50,227
03:51,228
03:52,229
03:53,230
03:54,231
03:55,232
03:56,233
03:57,234
03:58,235
03:59,236
04:00,237
04:01,238
04:02,239
04:03,240
04:04,241
04:05,242
04:06,243
04:07,244
04:08,245
04:09,246
04:10,247
04:11,248
04:12,249
04:13,250
04:14,251
04:15,252
04:16,253
04:17,254
04:18,255
04:19,256
04:20,257
04:21,258
04:22,259
04:23,260
04:24,261
04:25,262
04:26,263
04:27,264
04:28,265
04:29,266
04:30,267
04:31,268
04:32,269
04:34,270
04:35,271
04:36,272
04:37,273
04:38,274
04:39,275
04:40,276
04:41,277
04:42,278
04:43,279
04:45,280
04:46,281
04:47,282
04:48,283
04:49,284
04:50,285
04:51,286
04:52,287
04:53,288
04:54,289
04:55,290
04:56,291
04:57,292
04:58,293
05:00,294
05:01,295
05:03,296
05:04,297
05:05,298
05:06,299
05:07,300
05:08,301
05:09,302
05:10,303
05:11,304
05:12,305
05:13,306
05:14,307
05:15,308
05:16,309
05:17,310
05:18,311
05:19,312
05:20,313
05:21,314
05:22,315
05:23,316
05:24,317
05:25,318
05:26,319
05:27,320
05:28,321
05:29,322
05:30,323
05:31,324
05:32,325
05:33,326
05:34,327
05:35,328
05:36,329
05:37,330
05:38,331
05:39,332
05:40,333
05:41,334
05:42,335
05:43,336
05:44,337
05:45,338
05:46,339
05:47,340
05:48,341
05:49,342
05:50,343
05:51,344
05:52,345
05:53,346
05:54,347
05:55,348
05:56,349
05:57,350
05:58,351
05:59,352
06:00,353
06:01,354
06:02,355
06:03,356
06:04,357
06:05,358
06:06,359
06:07,360
06:08,361
06:09,362
06:10,363
06:11,364
06:12,365
06:13,366
06:14,367
06:15,368
06:16,369
06:17,370
06:18,371
06:19,372
06:20,373
06:21,374
06:22,375
06:23,376
06:24,377
06:25,378
06:26,379
06:27,380
06:28,381
06:29,382
06:30,383
06:31,384
06:32,385
06:33,386
06:34,387
06:35,388
06:36,389
06:37,390
06:38,391
06:39,392
06:40,393
06:41,394
06:42,395
06:43,396
06:44,397
06:45,398
06:46,399
06:47,400
06:48,401
06:49,402
06:50,403
06:51,404
06:52,405
06:53,406
06:54,407
06:55,408
06:56,409
06:57,410
06:58,411
06:59,412
07:00,413
07:01,414
07:02,415
07:03,416
07:04,417
07:05,418
07:06,419
07:07,420
07:08,421
07:09,422
07:10,423
07:11,424
07:12,425
07:13,426
07:14,427
07:15,428
07:16,429
07:17,430
07:18,431
07:19,432
07:20,433
07:21,434
07:22,435
07:23,436
07:24,437
07:25,438
07:26,439
07:27,440
07:28,441
07:29,442
07:30,443
07:31,444
07:32,445
07:33,446
07:34,447
07:35,448
07:36,449
07:37,450
07:38,451
07:39,452
07:40,453
07:41,454
07:42,455
07:43,456
07:44,457
07:45,458
07:46,459
07:47,460
07:48,461
07:49,462
07:50,463
07:51,464
07:52,465
07:53,466
07:54,467
07:55,468
07:56,469
07:57,470
07:58,471
07:59,472
08:00,473
08:01,474
08:02,475
08:03,476
08:04,477
08:05,478
08:06,479
08:07,480
08:08,481
08:09,482
08:10,483
08:11,484
08:12,485
08:13,486
08:14,487
08:15,488
08:16,489
08:17,490
08:18,491
08:19,492
08:20,493
08:21,494
08:22,495
08:23,496
08:24,497
08:25,498
08:26,499
08:27,500
08:28,501
08:29,502
08:30,503
08:31,504
08:32,505
08:33,506
08:34,507
08:35,508
08:36,509
08:37,510
08:38,511
08:39,512
08:40,513
08:41,514
08:42,515
08:43,516
08:44,517
08:45,518
08:46,519
08:47,520
08:48,521
08:49,522
08:50,523
08:51,524
08:52,525
08:53,526
08:54,527
08:55,528
08:56,529
08:57,530
08:58,531
08:59,532
09:00,533
09:01,534
09:02,535
09:03,536
09:04,537
09:05,538
09:06,539
09:07,540
09:08,541
09:09,542
09:10,543
09:11,544
09:12,545
09:13,546
09:14,547
09:15,548
09:16,549
09:17,550
09:18,551
09:19,552
09:20,553
09:21,554
09:22,555
09:23,556
09:24,557
09:25,558
09:26,559
09:27,560
09:28,561
09:29,562
09:30,563
09:31,564
09:32,565
09:33,566
09:34,567
09:35,568
09:36,569
09:37,570
09:38,571
09:39,572
09:40,573
09:41,574
09:42,575
09:43,576
09:44,577
09:45,578
09:46,579
09:47,580
09:48,581
09:49,582
09:50,583
09:51,584
09:52,585
09:53,586
09:54,587
09:55,588
09:56,589
09:57,590
09:58,591
09:59,592
10:00,593
10:01,594
10:02,595
10:03,596
10:04,597
10:05,598
10:06,599
10:07,600
10:08,601
10:09,602
10:10,603
10:11,604
10:12,605
10:13,606
10:14,607
10:15,608
10:16,609
10:17,610
10:18,611
10:19,612
10:20,613
10:21,614
10:22,615
10:23,616
10:24,617
10:25,618
10:26,619
10:27,620
10:28,621
10:29,622
10:30,623
10:31,624
10:32,625
10:33,626
10:34,627
10:35,628
10:36,629
10:37,630
10:38,631
10:39,632
10:40,633
10:41,634
10:42,635
10:43,636
10:44,637
10:45,638
10:46,639
10:47,640
10:48,641
10:49,642
10:50,643
10:51,644
10:52,645
10:53,646
10:54,647
10:55,648
10:56,649
10:57,650
10:58,651
10:59,652
11:00,653
11:01,654
11:02,655
11:03,656
11:04,657
11:05,658
11:06,659
11:07,660
11:08,661
11:09,662
11:10,663
11:11,664
11:12,665
11:13,666
11:14,667
11:15,668
11:16,669
11:17,670
11:18,671
11:19,672
11:20,673
11:21,674
11:22,675
11:23,676
11:24,677
11:25,678
11:26,679
11:27,680
11:28,681
11:29,682
11:30,683
11:31,684
11:32,685
11:33,686
11:34,687
11:35,688
11:36,689
11:37,690
11:38,691
11:39,692
11:40,693
11:41,694
11:42,695
11:43,696
11:44,697
11:45,698
11:46,699
11:47,700
11:48,701
11:49,702
11:50,703
11:51,704
11:52,705
11:53,706
11:54,707
11:55,708
11:56,709
11:57,710
11:58,711
11:59,712
12:00,713
12:01,714
12:02,715
12:03,716
12:04,717
12:05,718
12:06,719
12:07,720
12:08,721
12:09,722
12:10,723
12:11,724
12:12,725
12:13,726
12:14,727
12:15,728
12:16,729
12:17,730
12:18,731
12:19,732
12:20,733
12:21,734
12:22,735
12:23,736
12:24,737
12:25,738
12:26,739
12:27,740
12:28,741
12:29,742
12:30,743
12:31,744
12:32,745
12:33,746
12:34,747
12:35,748
12:36,749
12:37,750
12:38,751
12:39,752
12:40,753
12:41,754
12:42,755
12:43,756
12:44,757
12:45,758
12:46,759
12:47,760
12:48,761
12:49,762
12:50,763
12:51,764
12:52,765
12:53,766
12:54,767
12:55,768
12:56,769
12:57,770
12:58,771
12:59,772
13:00,773
13:01,774
13:02,775
13:03,776
13:04,777
13:05,778
13:06,779
13:07,780
13:08,781
13:09,782
13:10,783
13:11,784
13:12,785
13:13,786
13:14,787
13:15,788
13:16,789
13:17,790
13:18,791
13:19,792
13:20,793
13:21,794
13:22,795
13:23,796
13:24,797
13:25,798
13:26,799
13:27,800
13:28,801
13:29,802
13:30,803
13:31,804
13:32,805
13:33,806
13:34,807
13:35,808
13:36,809
13:37,810
13:38,811
13:39,812
13:40,813
13:41,814
13:42,815
13:43,816
13:44,817
13:45,818
13:46,819
13:47,820
13:48,821
13:49,822
13:50,823
13:51,824
13:52,825
13:53,826
13:54,827
13:55,828
13:56,829
13:57,830
13:58,831
13:59,832
14:00,833
14:01,834
14:02,835
14:03,836
14:04,837
14:05,838
14:06,839
14:07,840
14:08,841
14:09,842
14:10,843
14:11,844
14:12,845
14:13,846
14:14,847
14:15,848
14:16,849
14:17,850
14:18,851
14:19,852
14:20,853
14:21,854
14:22,855
14:23,856
14:24,857
14:25,858
14:26,859
14:27,860
14:28,861
14:29,862
14:30,863
14:31,864
14:32,865
14:33,866
14:34,867
14:35,868
14:36,869
14:37,870
14:38,871
14:39,872
14:40,873
14:41,874
14:42,875
14:43,876
14:44,877
14:45,878
14:46,879
14:47,880
14:48,881
14:49,882
14:50,883
14:51,884
14:52,885
14:53,886
14:54,887
14:55,888
14:56,889
14:57,890
14:58,891
14:59,892
15:00,893
15:01,894
15:02,895
15:03,896
15:04,897
15:05,898
15:06,899
15:07,900
15:08,901
15:09,902
15:10,903
15:11,904
15:12,905
15:13,906
15:14,907
15:15,908
15:16,909
15:17,910
15:18,911
15:19,912
15:20,913
15:21,914
15:22,915
15:23,916
15:24,917
15:25,918
15:26,919
15:27,920
15:28,921
15:29,922
15:30,923
15:31,924
15:32,925
15:33,926
15:34,927
15:35,928
15:36,929
15:37,930
15:38,931
15:39,932
15:40,933
15:41,934
15:42,935
15:43,936
15:44,937
15:45,938
15:46,939
15:47,940
15:48,941
15:49,942
15:50,943
15:51,944
15:52,945
15:53,946
15:54,947
15:55,948
15:56,949
15:57,950
15:58,951
15:59,952
16:00,953
16:01,954
16:02,955
16:03,956
16:04,957
16:05,958
16:06,959
16:07,960
16:08,961
16:09,962
16:10,963
16:11,964
16:12,965
16:13,966
16:14,967
16:15,968
16:16,969
16:17,970
16:18,971
16:19,972
16:20,973
16:21,974
16:22,975
16:23,976
16:24,977
16:25,978
16:26,979
16:27,980
16:28,981
16:29,982
16:30,983
16:31,984
16:32,985
16:33,986
16:34,987
16:35,988
16:36,989
16:37,990
16:38,991
16:39,992
16:40,993
16:41,994
16:42,995
16:43,996
16:44,997
16:45,998
16:46,999
16:47,1000
16:48,1001
16:49,1002
16:50,1003
16:51,1004
16:52,1005
16:53,1006
16:54,1007
16:55,1008
16:56,1009
16:57,1010
16:58,1011
16:59,1012
17:00,1013
17:01,1014
17:02,1015
17:03,1016
17:04,1017
17:05,1018
17:06,1019
17:07,1020
17:08,1021
17:09,1022
17:10,1023
17:11,1024
17:12,1025
17:13,1026
17:14,1027
17:15,1028
17:16,1029
17:17,1030
17:18,1031
17:19,1032
17:20,1033
17:21,1034
17:22,1035
17:23,1036
17:24,1037
17:25,1038
17:26,1039
17:27,1040
17:28,1041
17:29,1042
17:30,1043
17:31,1044
17:32,1045
17:33,1046
17:34,1047
17:35,1048
17:36,1049
17:37,1050
17:38,1051
17:39,1052
17:40,1053
17:41,1054
17:42,1055
17:43,1056
17:44,1057
17:45,1058
17:46,1059
17:47,1060
17:48,1061
17:49,1062
17:50,1063
17:51,1064
17:52,1065
17:53,1066
17:54,1067
17:55,1068
17:56,1069
17:57,1070
17:58,1071
17:59,1072
18:00,1073
18:01,1074
18:02,1075
18:03,1076
18:04,1077
18:05,1078
18:06,1079
18:07,1080
18:08,1081
18:09,1082
18:10,1083
18:11,1084
18:12,1085
18:13,1086
18:14,1087
18:15,1088
18:16,1089
18:17,1090
18:18,1091
18:19,1092
18:20,1093
18:21,1094
18:22,1095
18:23,1096
18:24,1097
18:25,1098
18:26,1099
18:27,1100
18:28,1101
18:29,1102
18:30,1103
18:31,1104
18:32,1105
18:33,1106
18:34,1107
18:35,1108
18:36,1109
18:37,1110
18:38,1111
18:39,1112
18:40,1113
18:41,1114
18:42,1115
18:43,1116
18:44,1117
18:45,1118
18:46,1119
18:47,1120
18:48,1121
18:49,1122
18:50,1123
18:51,1124
18:52,1125
18:53,1126
18:54,1127
18:55,1128
18:56,1129
18:57,1130
18:58,1131
18:59,1132
19:00,1133
19:01,1134
19:02,1135
19:03,1136
19:04,1137
19:05,1138
19:06,1139
19:07,1140
19:08,1141
19:09,1142
19:10,1143
19:11,1144
19:12,1145
19:13,1146
19:14,1147
19:15,1148
19:16,1149
19:17,1150
19:18,1151
19:19,1152
19:20,1153
19:21,1154
19:22,1155
19:23,1156
19:24,1157
19:25,1158
19:26,1159
19:27,1160
19:28,1161
19:29,1162
19:30,1163
19:31,1164
19:32,1165
19:33,1166
19:34,1167
19:35,1168
19:36,1169
19:37,1170
19:38,1171
19:39,1172
19:40,1173
19:41,1174
19:42,1175
19:43,1176
19:44,1177
19:45,1178
19:46,1179
19:47,1180
19:48,1181
19:49,1182
19:50,1183
19:51,1184
19:52,1185
19:53,1186
19:54,1187
19:55,1188
19:56,1189
19:57,1190
19:58,1191
19:59,1192
20:00,1193
20:01,1194
20:02,1195
20:03,1196
20:04,1197
20:05,1198
20:06,1199
20:07,1200
20:08,1201
20:09,1202
20:10,1203
20:11,1204
20:12,1205
20:13,1206
20:14,1207
20:15,1208
20:16,1209
20:17,1210
20:18,1211
20:19,1212
20:20,1213
20:21,1214
20:22,1215
20:23,1216
20:24,1217
20:25,1218
20:26,1219
20:27,1220
20:28,1221
20:29,1222
20:30,1223
20:31,1224
20:32,1225
20:33,1226
20:34,1227
20:35,1228
20:36,1229
20:37,1230
20:38,1231
20:39,1232
20:40,1233
20:41,1234
20:42,1235
20:43,1236
20:44,1237
20:45,1238
20:46,1239
20:47,1240
20:48,1241
20:49,1242
20:50,1243
20:51,1244
20:52,1245
20:53,1246
20:54,1247
20:55,1248
20:56,1249
20:57,1250
20:58,1251
20:59,1252
21:00,1253
21:01,1254
21:02,1255
21:03,1256
21:04,1257
21:05,1258
21:06,1259
21:07,1260
21:08,1261
21:09,1262
21:10,1263
21:11,1264
21:12,1265
21:13,1266
21:14,1267
21:15,1268
21:16,1269
21:17,1270
21:18,1271
21:19,1272
21:20,1273
21:21,1274
21:22,1275
21:23,1276
21:24,1277
21:25,1278
21:26,1279
21:27,1280
21:28,1281
21:29,1282
21:30,1283
21:31,1284
21:32,1285
21:33,1286
21:34,1287
21:35,1288
21:36,1289
21:37,1290
21:38,1291
21:39,1292
21:40,1293
21:41,1294
21:42,1295
21:43,1296
21:44,1297
21:45,1298
21:46,1299
21:47,1300
21:48,1301
21:49,1302
21:50,1303
21:51,1304
21:52,1305
21:53,1306
21:54,1307
21:55,1308
21:56,1309
21:57,1310
21:58,1311
21:59,1312
22:00,1313
22:01,1314
22:02,1315
22:03,1316
22:04,1317
22:05,1318
22:06,1319
22:07,1320
22:08,1321
22:09,1322
22:10,1323
22:11,1324
22:12,1325
22:13,1326
22:14,1327
22:15,1328
22:16,1329
22:17,1330
22:18,1331
22:19,1332
22:20,1333
22:21,1334
22:22,1335
22:23,1336
22:24,1337
22:25,1338
22:26,1339
22:27,1340
22:28,1341
22:29,1342
22:30,1343
22:31,1344
22:32,1345
22:33,1346
22:34,1347
22:35,1348
22:36,1349
22:37,1350
22:38,1351
22:39,1352
22:40,1353
22:41,1354
22:42,1355
22:43,1356
22:44,1357
22:45,1358
22:46,1359
22:47,1360
22:48,1361
22:49,1362
22:50,1363
22:51,1364
22:52,1365
22:53,1366
22:54,1367
22:55,1368
22:56,1369
22:57,1370
22:58,1371
22:59,1372
23:00,1373
23:01,1374
23:02,1375
23:03,1376
23:04,1377
23:05,1378
23:06,1379
23:07,1380
23:08,1381
23:09,1382
23:10,1383
23:11,1384
23:12,1385
23:13,1386
23:14,1387
23:15,1388
23:16,1389
23:17,1390
23:18,1391
23:19,1392
23:20,1393
23:21,1394
23:22,1395
23:23,1396
23:24,1397
23:25,1398
23:26,1399
23:27,1400
23:28,1401
23:29,1402
23:30,1403
23:31,1404
23:32,1405
23:33,1406
23:34,1407
23:35,1408
23:36,1409
23:37,1410
23:38,1411
23:39,1412
23:40,1413
23:41,1414
23:42,1415
23:43,1416
23:44,1417
23:45,1418
23:46,1419
23:47,1420
23:48,1421
23:49,1422
23:50,1423
23:51,1424
23:52,1425
23:53,1426
23:54,1427
23:55,1428
23:56,1429
23:57,1430
23:58,1431
23:59,1432
